﻿<DataModelInfo xmlns="http://schemas.qualisystems.com/ResourceManagement/DataModelSchema.xsd" xmlns:xsi="http://www.w3.org/2001/XMLSchema-instance">
  <Attributes>

      <AttributeInfo DefaultValue="" IsReadOnly="false" Name="GUACAMOLE_SERVER" Type="String">
          <Rules>
              <Rule Name="Configuration" />
          </Rules>
      </AttributeInfo>
      <AttributeInfo DefaultValue="" IsReadOnly="false" Name="HTTPS_ADDRESS" Type="String">
          <Rules>
              <Rule Name="Configuration" />
          </Rules>
      </AttributeInfo>

      <AttributeInfo DefaultValue="" IsReadOnly="true" Name="Alias" Type="String">
          <Rules>
              <Rule Name="Setting" />
          </Rules>
      </AttributeInfo>
      <AttributeInfo DefaultValue="" IsReadOnly="true" Name="Transceiver Type" Type="String">
          <Rules>
              <Rule Name="Setting" />
          </Rules>
      </AttributeInfo>
      <AttributeInfo DefaultValue="" IsReadOnly="true" Name="Port Role" Type="String">
          <Rules>
              <Rule Name="Setting" />
          </Rules>
      </AttributeInfo>


      <AttributeInfo DefaultValue="" IsReadOnly="false" Name="User" Type="String">
          <Rules>
              <Rule Name="Configuration" />
          </Rules>
      </AttributeInfo>
      <AttributeInfo DefaultValue="3M3u7nkDzxWb0aJ/IZYeWw==" IsReadOnly="false" Name="Password" Type="Password">
          <Rules>
              <Rule Name="Configuration" />
          </Rules>
      </AttributeInfo>
      <AttributeInfo DefaultValue="3M3u7nkDzxWb0aJ/IZYeWw==" IsReadOnly="false" Name="Enable Password" Type="Password">
          <Rules>
              <Rule Name="Configuration" />
          </Rules>
      </AttributeInfo>
      <AttributeInfo DefaultValue="False" IsReadOnly="false" Name="Power Management" Type="Boolean">
          <Rules>
              <Rule Name="Configuration" />
          </Rules>
      </AttributeInfo>
      <AttributeInfo DefaultValue="" IsReadOnly="true" Name="System Name" Type="String">
          <Rules Override="false">
              <Rule Name="Setting" />
              <Rule Name="Available For Abstract Resources" />
          </Rules>
      </AttributeInfo>
      <AttributeInfo DefaultValue="" IsReadOnly="true" Name="Contact Name" Type="String">
          <Rules Override="false">
              <Rule Name="Setting" />
              <Rule Name="Available For Abstract Resources" />
          </Rules>
      </AttributeInfo>
      <AttributeInfo DefaultValue="" IsReadOnly="true" Name="OS Version" Type="String">
          <Rules Override="false">
              <Rule Name="Setting" />
              <Rule Name="Available For Abstract Resources" />
          </Rules>
      </AttributeInfo>
      <AttributeInfo DefaultValue="" IsReadOnly="true" Name="Version" Type="String">
          <Rules Override="false">
              <Rule Name="Setting" />
              <Rule Name="Available For Abstract Resources" />
          </Rules>
      </AttributeInfo>
      <AttributeInfo DefaultValue="" IsReadOnly="true" Name="Vendor" Type="String">
          <Rules Override="false">
              <Rule Name="Setting" />
              <Rule Name="Available For Abstract Resources" />
          </Rules>
      </AttributeInfo>
      <AttributeInfo DefaultValue="" IsReadOnly="true" Name="Location" Type="String">
          <Rules Override="false">
              <Rule Name="Setting" />
              <Rule Name="Available For Abstract Resources" />
          </Rules>
      </AttributeInfo>
      <AttributeInfo DefaultValue="" IsReadOnly="false" Name="Backup Location" Type="String">
          <Rules>
              <Rule Name="Configuration" />
          </Rules>
      </AttributeInfo>
      <AttributeInfo DefaultValue="Transparent" IsCommand="false" IsReadOnly="true" Name="Protocol Type" Type="Lookup" xsi:type="LookupAttributeDetails">
          <Rules Override="false">
              <Rule Name="Setting" />
              <Rule Name="Available For Abstract Resources" />
              <Rule Name="Constant Capability" />
          </Rules>
          <LookupValues>
              <LookupValue NumericValue="0" StringValue="Transparent" />
          </LookupValues>
      </AttributeInfo>
      <AttributeInfo DefaultValue="" IsReadOnly="true" Name="Model" Type="String">
          <Rules Override="false">
              <Rule Name="Setting" />
              <Rule Name="Available For Abstract Resources" />
          </Rules>
      </AttributeInfo>
      <AttributeInfo DefaultValue="" IsReadOnly="false" Name="SNMP Read Community" Type="String">
          <Rules>
              <Rule Name="Configuration" />
          </Rules>
      </AttributeInfo>
      <AttributeInfo DefaultValue="" IsReadOnly="false" Name="SNMP Write Community" Type="String">
          <Rules>
              <Rule Name="Configuration" />
          </Rules>
      </AttributeInfo>
      <AttributeInfo DefaultValue="" IsReadOnly="false" Name="SNMP V3 Password" Type="String">
          <Rules>
              <Rule Name="Configuration" />
          </Rules>
      </AttributeInfo>
      <AttributeInfo DefaultValue="" IsReadOnly="false" Name="SNMP V3 Private Key" Type="String">
          <Rules>
              <Rule Name="Configuration" />
          </Rules>
      </AttributeInfo>
      <AttributeInfo DefaultValue="" IsReadOnly="false" Name="SNMP V3 User" Type="String">
          <Rules>
              <Rule Name="Configuration" />
          </Rules>
      </AttributeInfo>
      <AttributeInfo DefaultValue="" IsReadOnly="false" Name="SNMP Version" Type="String">
          <Rules>
              <Rule Name="Configuration" />
          </Rules>
      </AttributeInfo>
      <AttributeInfo DefaultValue="1" IsReadOnly="false" Name="Sessions Concurrency Limit" Type="Numeric">
          <Rules>
              <Rule Name="Configuration" />
          </Rules>
      </AttributeInfo>
      <AttributeInfo DefaultValue="" IsReadOnly="false" Name="Console Server IP Address" Type="String">
          <Rules>
              <Rule Name="Configuration" />
          </Rules>
      </AttributeInfo>
      <AttributeInfo DefaultValue="" IsReadOnly="false" Name="Console User" Type="String">
          <Rules>
              <Rule Name="Configuration" />
          </Rules>
      </AttributeInfo>
      <AttributeInfo DefaultValue="3M3u7nkDzxWb0aJ/IZYeWw==" IsReadOnly="false" Name="Console Password" Type="Password">
          <Rules>
              <Rule Name="Configuration" />
          </Rules>
      </AttributeInfo>
      <AttributeInfo DefaultValue="0" IsReadOnly="false" Name="Console Port" Type="Numeric">
          <Rules>
              <Rule Name="Configuration" />
          </Rules>
      </AttributeInfo>
      <AttributeInfo DefaultValue="Auto" IsCommand="false" IsReadOnly="false" Name="CLI Connection Type" Type="Lookup" xsi:type="LookupAttributeDetails">
          <Rules>
              <Rule Name="Configuration" />
          </Rules>
          <LookupValues>
              <LookupValue NumericValue="0" StringValue="Auto" />
              <LookupValue NumericValue="1" StringValue="Console" />
              <LookupValue NumericValue="2" StringValue="SSH" />
              <LookupValue NumericValue="3" StringValue="Telnet" />
              <LookupValue NumericValue="4" StringValue="TCP" />
          </LookupValues>
      </AttributeInfo>
      <AttributeInfo DefaultValue="" IsReadOnly="true" Name="Serial Number" Type="String">
          <Rules Override="false">
              <Rule Name="Setting" />
              <Rule Name="Available For Abstract Resources" />
          </Rules>
      </AttributeInfo>
      <AttributeInfo DefaultValue="" IsReadOnly="true" Name="MAC Address" Type="String">
          <Rules Override="false">
              <Rule Name="Setting" />
              <Rule Name="Available For Abstract Resources" />
          </Rules>
      </AttributeInfo>
      <AttributeInfo DefaultValue="" IsReadOnly="true" Name="L2 Protocol Type" Type="String">
          <Rules Override="false">
              <Rule Name="Setting" />
              <Rule Name="Available For Abstract Resources" />
          </Rules>
      </AttributeInfo>
      <AttributeInfo DefaultValue="" IsReadOnly="true" Name="IPv4 Address" Type="String">
          <Rules Override="false">
              <Rule Name="Setting" />
              <Rule Name="Available For Abstract Resources" />
          </Rules>
      </AttributeInfo>
      <AttributeInfo DefaultValue="" IsReadOnly="true" Name="IPv6 Address" Type="String">
          <Rules Override="false">
              <Rule Name="Setting" />
              <Rule Name="Available For Abstract Resources" />
          </Rules>
      </AttributeInfo>
      <AttributeInfo DefaultValue="" IsReadOnly="true" Name="Port Description" Type="String">
          <Rules Override="false">
              <Rule Name="Setting" />
              <Rule Name="Available For Abstract Resources" />
          </Rules>
      </AttributeInfo>
      <AttributeInfo DefaultValue="0" IsReadOnly="true" Name="Bandwidth" Type="Numeric">
          <Rules Override="false">
              <Rule Name="Setting" />
              <Rule Name="Available For Abstract Resources" />
          </Rules>
      </AttributeInfo>
      <AttributeInfo DefaultValue="0" IsReadOnly="true" Name="MTU" Type="Numeric">
          <Rules Override="false">
              <Rule Name="Setting" />
              <Rule Name="Available For Abstract Resources" />
          </Rules>
      </AttributeInfo>
      <AttributeInfo DefaultValue="Half" IsReadOnly="true" Name="Duplex" Type="Lookup" xsi:type="LookupAttributeDetails">
          <Rules Override="false">
              <Rule Name="Setting" />
              <Rule Name="Available For Abstract Resources" />
          </Rules>
          <LookupValues>
              <LookupValue NumericValue="2" StringValue="Half" />
              <LookupValue NumericValue="3" StringValue="Full" />
          </LookupValues>
      </AttributeInfo>
      <AttributeInfo DefaultValue="" IsReadOnly="true" Name="Adjacent" Type="String">
          <Rules Override="false">
              <Rule Name="Setting" />
              <Rule Name="Available For Abstract Resources" />
          </Rules>
      </AttributeInfo>
      <AttributeInfo DefaultValue="False" IsReadOnly="true" Name="Auto Negotiation" Type="Boolean">
          <Rules Override="false">
              <Rule Name="Setting" />
              <Rule Name="Available For Abstract Resources" />
          </Rules>
      </AttributeInfo>
      <AttributeInfo DefaultValue="" Description="in the format &quot;[portResourceName],...&quot;, for example &quot;GE0-0-0-1,GE-0-0-0-2&quot;" IsReadOnly="true" Name="Associated Ports" Type="String">
          <Rules Override="false">
              <Rule Name="Setting" />
              <Rule Name="Available For Abstract Resources" />
          </Rules>
      </AttributeInfo>
  </Attributes>
    <ResourceFamilies>
        <ResourceFamily Description="" IsPowerSwitch="true" IsSearchable="true" Name="Switch">
            <AttachedAttributes />
            <AttributeValues />
            <Models>
            <ResourceModel Description="" Name="GigaVUE-OS" SupportsConcurrentCommands="false">
            <AttachedAttributes>
                <AttachedAttribute IsLocal="true" IsOverridable="true" Name="GUACAMOLE_SERVER">
                    <AllowedValues />
                </AttachedAttribute>
                <AttachedAttribute IsLocal="true" IsOverridable="true" Name="HTTPS_ADDRESS">
                    <AllowedValues />
                </AttachedAttribute>

                <AttachedAttribute IsLocal="true" IsOverridable="true" Name="Alias">
                    <AllowedValues />
                </AttachedAttribute>
                <AttachedAttribute IsLocal="true" IsOverridable="true" Name="Transceiver Type">
                    <AllowedValues />
                </AttachedAttribute>
                <AttachedAttribute IsLocal="true" IsOverridable="true" Name="Port Role">
                    <AllowedValues />
                </AttachedAttribute>

                <AttachedAttribute IsLocal="true" IsOverridable="true" Name="User">
                    <AllowedValues />
                </AttachedAttribute>
                <AttachedAttribute IsLocal="true" IsOverridable="true" Name="Password">
                    <AllowedValues />
                </AttachedAttribute>
                <AttachedAttribute IsLocal="true" IsOverridable="true" Name="Power Management">
                    <AllowedValues />
                </AttachedAttribute>
                <AttachedAttribute IsLocal="true" IsOverridable="true" Name="Enable Password">
                    <AllowedValues />
                </AttachedAttribute>
                <AttachedAttribute IsLocal="true" IsOverridable="true" Name="System Name">
                    <AllowedValues />
                </AttachedAttribute>
                <AttachedAttribute IsLocal="true" IsOverridable="true" Name="Contact Name">
                    <AllowedValues />
                </AttachedAttribute>
                <AttachedAttribute IsLocal="true" IsOverridable="true" Name="OS Version">
                    <AllowedValues />
                </AttachedAttribute>
                <AttachedAttribute IsLocal="true" IsOverridable="true" Name="Vendor">
                    <AllowedValues />
                </AttachedAttribute>
                <AttachedAttribute IsLocal="true" IsOverridable="true" Name="Location">
                    <AllowedValues />
                </AttachedAttribute>
                <AttachedAttribute IsLocal="true" IsOverridable="true" Name="Backup Location">
                    <AllowedValues />
                </AttachedAttribute>
                <AttachedAttribute IsLocal="true" IsOverridable="true" Name="Model">
                    <AllowedValues />
                </AttachedAttribute>
                <AttachedAttribute IsLocal="true" IsOverridable="true" Name="SNMP Read Community">
                    <AllowedValues />
                </AttachedAttribute>
                <AttachedAttribute IsLocal="true" IsOverridable="true" Name="SNMP Write Community">
                    <AllowedValues />
                </AttachedAttribute>
                <AttachedAttribute IsLocal="true" IsOverridable="true" Name="SNMP V3 Password">
                    <AllowedValues />
                </AttachedAttribute>
                <AttachedAttribute IsLocal="true" IsOverridable="true" Name="SNMP V3 Private Key">
                    <AllowedValues />
                </AttachedAttribute>
                <AttachedAttribute IsLocal="true" IsOverridable="true" Name="SNMP V3 User">
                    <AllowedValues />
                </AttachedAttribute>
                <AttachedAttribute IsLocal="true" IsOverridable="true" Name="SNMP Version">
                    <AllowedValues />
                </AttachedAttribute>
                <AttachedAttribute IsLocal="true" IsOverridable="true" Name="Sessions Concurrency Limit">
                    <AllowedValues />
                </AttachedAttribute>
                <AttachedAttribute IsLocal="true" IsOverridable="true" Name="Console Server IP Address">
                    <AllowedValues />
                </AttachedAttribute>
                <AttachedAttribute IsLocal="true" IsOverridable="true" Name="Console User">
                    <AllowedValues />
                </AttachedAttribute>
                <AttachedAttribute IsLocal="true" IsOverridable="true" Name="Console Password">
                    <AllowedValues />
                </AttachedAttribute>
                <AttachedAttribute IsLocal="true" IsOverridable="true" Name="Console Port">
                    <AllowedValues />
                </AttachedAttribute>
                <AttachedAttribute IsLocal="true" IsOverridable="true" Name="CLI Connection Type">
                    <AllowedValues />
                </AttachedAttribute>

            </AttachedAttributes>
            <AttributeValues>
                <AttributeValue Name="GUACAMOLE_SERVER" Value="" />
                <AttributeValue Name="HTTPS_ADDRESS" Value="" />

                <AttributeValue Name="Alias" Value="" />
                <AttributeValue Name="Transceiver Type" Value="" />
                <AttributeValue Name="Port Role" Value="" />

                <AttributeValue Name="User" Value="" />
                <AttributeValue Name="Password" Value="3M3u7nkDzxWb0aJ/IZYeWw==" />
                <AttributeValue Name="Enable Password" Value="3M3u7nkDzxWb0aJ/IZYeWw==" />
                <AttributeValue Name="System Name" Value="" />
                <AttributeValue Name="Contact Name" Value="" />
                <AttributeValue Name="OS Version" Value="" />
                <AttributeValue Name="Model" Value="" />
                <AttributeValue Name="Vendor" Value="" />
                <AttributeValue Name="Location" Value="" />
                <AttributeValue Name="Backup Location" Value="" />
                <AttributeValue Name="Console Server IP Address" Value="" />
                <AttributeValue Name="Console User" Value="" />
                <AttributeValue Name="Console Password" Value="3M3u7nkDzxWb0aJ/IZYeWw==" />
                <AttributeValue Name="Console Port" Value="0" />
                <AttributeValue Name="CLI Connection Type" Value="Auto" />
                <AttributeValue Name="Power Management" Value="False" />
            </AttributeValues>
            <ParentModels />
            <Drivers>
                <DriverName>GigamonDriver</DriverName>
            </Drivers>
            <Scripts />
        </ResourceModel>
    </Models>
            <Categories />
        </ResourceFamily>
        <ResourceFamily Description="" IsPowerSwitch="true" IsSearchable="true" Name="Router">
            <AttachedAttributes />
            <AttributeValues />
            <Models>
            </Models>
            <Categories />
        </ResourceFamily>
        <ResourceFamily Description="" IsSearchable="true" Name="Chassis">
            <AttachedAttributes />
            <AttributeValues />
            <Models>
                <ResourceModel Description="" Name="Generic Chassis" SupportsConcurrentCommands="false">
                    <AttachedAttributes>
                        <AttachedAttribute IsLocal="true" IsOverridable="true" Name="Model">
                            <AllowedValues />
                        </AttachedAttribute>
                        <AttachedAttribute IsLocal="true" IsOverridable="true" Name="Serial Number">
                            <AllowedValues />
                        </AttachedAttribute>
                    </AttachedAttributes>
                    <AttributeValues>
                        <AttributeValue Name="Model" Value="" />
                        <AttributeValue Name="Serial Number" Value="" />
                    </AttributeValues>
                    <ParentModels>
                        <ParentModelName>GigaVUE-OS</ParentModelName>
                    </ParentModels>
                    <Drivers />
                    <Scripts />
                </ResourceModel>
            </Models>
            <Categories />
        </ResourceFamily>
        <ResourceFamily Description="" IsSearchable="true" Name="Module">
            <AttachedAttributes />
            <AttributeValues />
            <Models>
                <ResourceModel Description="" Name="Generic Module" SupportsConcurrentCommands="false">
                    <AttachedAttributes>
                        <AttachedAttribute IsLocal="true" IsOverridable="true" Name="Serial Number">
                            <AllowedValues />
                        </AttachedAttribute>
                        <AttachedAttribute IsLocal="true" IsOverridable="true" Name="Version">
                            <AllowedValues />
                        </AttachedAttribute>
                        <AttachedAttribute IsLocal="true" IsOverridable="true" Name="Model">
                            <AllowedValues />
                        </AttachedAttribute>
                    </AttachedAttributes>
                    <AttributeValues>
                        <AttributeValue Name="Serial Number" Value="" />
                        <AttributeValue Name="Version" Value="" />
                        <AttributeValue Name="Model" Value="" />
                    </AttributeValues>
                    <ParentModels>
                        <ParentModelName>Generic Chassis</ParentModelName>
                    </ParentModels>
                    <Drivers />
                    <Scripts />
                </ResourceModel>
            </Models>
            <Categories />
        </ResourceFamily>
        <ResourceFamily IsConnectable="true" IsLockedByDefault="true" IsSearchable="true" Name="Port">
            <AttachedAttributes />
            <AttributeValues />
            <Models>
                <ResourceModel Description="" Name="Generic Port" SupportsConcurrentCommands="false">
                    <AttachedAttributes>

                        <AttachedAttribute IsLocal="true" IsOverridable="true" Name="Alias">
                            <AllowedValues />
                        </AttachedAttribute>
                        <AttachedAttribute IsLocal="true" IsOverridable="true" Name="Transceiver Type">
                            <AllowedValues />
                        </AttachedAttribute>
                        <AttachedAttribute IsLocal="true" IsOverridable="true" Name="Port Role">
                            <AllowedValues />
                        </AttachedAttribute>

                        <AttachedAttribute IsLocal="true" IsOverridable="true" Name="MAC Address">
                            <AllowedValues />
                        </AttachedAttribute>
                        <AttachedAttribute IsLocal="true" IsOverridable="true" Name="L2 Protocol Type">
                            <AllowedValues />
                        </AttachedAttribute>
                        <AttachedAttribute IsLocal="true" IsOverridable="true" Name="IPv4 Address">
                            <AllowedValues />
                        </AttachedAttribute>
                        <AttachedAttribute IsLocal="true" IsOverridable="true" Name="IPv6 Address">
                            <AllowedValues />
                        </AttachedAttribute>
                        <AttachedAttribute IsLocal="true" IsOverridable="true" Name="Port Description">
                            <AllowedValues />
                        </AttachedAttribute>
                        <AttachedAttribute IsLocal="true" IsOverridable="true" Name="Bandwidth">
                            <AllowedValues />
                        </AttachedAttribute>
                        <AttachedAttribute IsLocal="true" IsOverridable="true" Name="MTU">
                            <AllowedValues />
                        </AttachedAttribute>
                        <AttachedAttribute IsLocal="true" IsOverridable="true" Name="Duplex">
                            <AllowedValues />
                        </AttachedAttribute>
                        <AttachedAttribute IsLocal="true" IsOverridable="true" Name="Adjacent">
                            <AllowedValues />
                        </AttachedAttribute>
                        <AttachedAttribute IsLocal="true" IsOverridable="true" Name="Auto Negotiation">
                            <AllowedValues />
                        </AttachedAttribute>
                        <AttachedAttribute IsLocal="true" IsOverridable="true" Name="Protocol Type">
                            <AllowedValues />
                        </AttachedAttribute>
                    </AttachedAttributes>
                    <AttributeValues>
                        <AttributeValue Name="Alias" Value="" />
                        <AttributeValue Name="Transceiver Type" Value="" />
                        <AttributeValue Name="Port Role" Value="" />

                        <AttributeValue Name="MAC Address" Value="" />
                        <AttributeValue Name="L2 Protocol Type" Value="" />
                        <AttributeValue Name="IPv4 Address" Value="" />
                        <AttributeValue Name="IPv6 Address" Value="" />
                        <AttributeValue Name="Port Description" Value="" />
                        <AttributeValue Name="Bandwidth" Value="0" />
                        <AttributeValue Name="MTU" Value="0" />
                        <AttributeValue Name="Duplex" Value="Half" />
                        <AttributeValue Name="Protocol Type" Value="Transparent" />
                        <AttributeValue Name="Adjacent" Value="" />
                        <AttributeValue Name="Auto Negotiation" Value="False" />
                    </AttributeValues>
                    <ParentModels>
                        <ParentModelName>Generic Chassis</ParentModelName>
                        <ParentModelName>Generic Module</ParentModelName>
                        <ParentModelName>Generic Sub Module</ParentModelName>
                    </ParentModels>
                    <Drivers />
                    <Scripts />
                </ResourceModel>
            </Models>
            <Categories />
        </ResourceFamily>
        <ResourceFamily Description="" IsSearchable="true" Name="Sub Module">
            <AttachedAttributes />
            <AttributeValues />
            <Models>
                <ResourceModel Description="" Name="Generic Sub Module" SupportsConcurrentCommands="false">
                    <AttachedAttributes>
                        <AttachedAttribute IsLocal="true" IsOverridable="true" Name="Serial Number">
                            <AllowedValues />
                        </AttachedAttribute>
                        <AttachedAttribute IsLocal="true" IsOverridable="true" Name="Version">
                            <AllowedValues />
                        </AttachedAttribute>
                        <AttachedAttribute IsLocal="true" IsOverridable="true" Name="Model">
                            <AllowedValues />
                        </AttachedAttribute>
                    </AttachedAttributes>
                    <AttributeValues>
                        <AttributeValue Name="Serial Number" Value="" />
                        <AttributeValue Name="Version" Value="" />
                        <AttributeValue Name="Model" Value="" />
                    </AttributeValues>
                    <ParentModels>
                        <ParentModelName>Generic Module</ParentModelName>
                    </ParentModels>
                    <Drivers />
                    <Scripts />
                </ResourceModel>
            </Models>
            <Categories />
        </ResourceFamily>
        <ResourceFamily Description="" IsConnectable="true" IsLockedByDefault="true" IsSearchable="true" Name="Power Port">
            <AttachedAttributes />
            <AttributeValues />
            <Models>
                <ResourceModel Description="" Name="Generic Power Port" SupportsConcurrentCommands="false">
                    <AttachedAttributes>
                        <AttachedAttribute IsLocal="true" IsOverridable="true" Name="Model">
                            <AllowedValues />
                        </AttachedAttribute>
                        <AttachedAttribute IsLocal="true" IsOverridable="true" Name="Serial Number">
                            <AllowedValues />
                        </AttachedAttribute>
                        <AttachedAttribute IsLocal="true" IsOverridable="true" Name="Version">
                            <AllowedValues />
                        </AttachedAttribute>
                        <AttachedAttribute IsLocal="true" IsOverridable="true" Name="Port Description">
                            <AllowedValues />
                        </AttachedAttribute>
                    </AttachedAttributes>
                    <AttributeValues>
                        <AttributeValue Name="Model" Value="" />
                        <AttributeValue Name="Serial Number" Value="" />
                        <AttributeValue Name="Version" Value="" />
                        <AttributeValue Name="Port Description" Value="" />
                    </AttributeValues>
                    <ParentModels>
                        <ParentModelName>Generic Chassis</ParentModelName>
                    </ParentModels>
                    <Drivers />
                    <Scripts />
                </ResourceModel>
            </Models>
            <Categories />
        </ResourceFamily>
        <ResourceFamily Description="" IsConnectable="true" IsLockedByDefault="true" IsSearchable="true" Name="Port Channel">
            <AttachedAttributes />
            <AttributeValues />
            <Models>
                <ResourceModel Description="" Name="Generic Port Channel" SupportsConcurrentCommands="false">
                    <AttachedAttributes>
                        <AttachedAttribute IsLocal="true" IsOverridable="true" Name="Associated Ports">
                            <AllowedValues />
                        </AttachedAttribute>
                        <AttachedAttribute IsLocal="true" IsOverridable="true" Name="IPv4 Address">
                            <AllowedValues />
                        </AttachedAttribute>
                        <AttachedAttribute IsLocal="true" IsOverridable="true" Name="IPv6 Address">
                            <AllowedValues />
                        </AttachedAttribute>
                        <AttachedAttribute IsLocal="true" IsOverridable="true" Name="Port Description">
                            <AllowedValues />
                        </AttachedAttribute>
                        <AttachedAttribute IsLocal="true" IsOverridable="true" Name="Protocol Type">
                            <AllowedValues />
                        </AttachedAttribute>
                    </AttachedAttributes>
                    <AttributeValues>
                        <AttributeValue Name="Associated Ports" Value="" />
                        <AttributeValue Name="IPv4 Address" Value="" />
                        <AttributeValue Name="IPv6 Address" Value="" />
                        <AttributeValue Name="Port Description" Value="" />
                        <AttributeValue Name="Protocol Type" Value="Transparent" />
                    </AttributeValues>
                    <ParentModels>
                        <ParentModelName>GigaVUE-OS</ParentModelName>
                    </ParentModels>
                    <Drivers />
                    <Scripts />
                </ResourceModel>
            </Models>
            <Categories />
        </ResourceFamily>
    </ResourceFamilies>
    <DriverDescriptors>
        <DriverDescriptor DriverType="PythonDriver" Name="GigamonDriver" />

    </DriverDescriptors>

    <ScriptDescriptors />
</DataModelInfo>